State Name,State Hash
Alabama,76a959efebae1925f4253d1f50b5fe97f5c95f5d712678dd748751d65d2c5a7606d7908db7335f57263cf2db8c2108cbf7f1472d61cd5130eb68106f603e6888
Alaska,916ade1dd724603c26b5a6aa10e79fad380a233cda20117af558721ff28b2d69abcd2891adfd17c0268fe12116bbcf5f09392da14a413055984cfa7e27f122e2
Arizona,6e805c2e840dbb15e0aa6ce3d97b64b4f8a393a55743c11b469e84c13f60f802c1e87d3e016e6cd17e193d4886e16f36f893fd3052c102315a2c515ce87a6178
Arkansas,05d3c92d4137734ba4a1d7b857425f510e603476eea48c97fb645c5098e3ba5e4b50af4957b45993eaf83e1e2bd76be511020ec013d69a4a4193ddfeb4003894
California,c559b52f758edf51d91fa72eb53a741b061cf76a0e76e00ab4b766eea89ee2acb54a17be98150f5dffd6242664b7289a40c4ef80312fade8476fec0e69bb7a9b
Colorado,520485168e60457de3b96c19a9f26b7a0e8df1dce5a75ff60429851857cc5f57eef44c140fade910879105e2e5b2c6f72c528e5b1a7dbed3b718b0e40b565ec0
Connecticut,0f2f58a9d848d7edfdcf51e05f5903696a5a3a744dee477a3d4a26d82af13477c98611783a4c911c446b9990a65208fb8cd3cddc28401e6f4b3609366be68cb9
Delaware,6aea4e8f2211125e3e5185996013fac7c139ceeac2d76f89fff713739c9204074c90856aaa97e1bd3c3b6933709fa6b2ed4e757461a9552425c3b418c9af6fd3
District of Columbia,5d1d2b47e13b2b9457b755f806137324afa4e495d8dc5360f1b5f0809e541b187de27bedfe689369cb7c0791958066c2dd0768b103d2678c92d3336c8ca018e7
Florida,fcba935f3d0ff1c7718b34b0e15aa1faf9ee7b126b2a3ad6f32f79f7994c192b880e78d73754ef84586ad1dffa58323e246f9b22dad8d8bfa3b005034b84aeb5
Georgia,323d160b343d743ab4cf5078493f115f4f7765b1e1c7814736ac5b6ba3ec04ae9a1b18a32848f2aa0d03c5ed2ae1a7a6db68b42a723be5ed29a87c6d34fbece1
Hawaii,be28b1e4ae76595bc33ebe5076d57da0e2baba1ad4445ce482eec106f723bdabef64e8bc94117f369cfae097cc3fa881791af277ce4ecc63711a01e302b67369
Idaho,65ac9d68e1e5d23c911dac314fc97cc1dfc0162a881c530c29508171b2a2e8065b55610d82cc27bb810f1ef9166f36ade64edd517aca3efbc28d38f865bf055f
Illinois,51b82770caeb997b1a2f7b97f5ab0b7a08cbb6d125ce9d7bfd77180f214236c3b00ce1fc19cf1f7c3f4b85883542e9ee286cf5ce087ed4020d45fa32ffbc9188
Indiana,23cf465ed4f74a0341e35282f09b4e1f555c38a1f48c27aefd7a18a1d774b890f34797a57b62806348d4f1c348b2057ab7802cd6e2bb9c7cbb440e16864b815a
Iowa,217a8b743efa56512bef2b6be8f6ea611d5f43bedb79567871791a720fcb95610ceef7ba04b22f744e9d51c8e4353edf0a4f0c5340ebc39c16d1e89899a339c4
Kansas,3111fe6ca8b64c7d71f4d41162e9eaf57d427e90a23163cc3c5c97ce204a494b1ebe62c1dd8da1043ffe09a16f0e46eaa614d0457a53c74b72f3358cdcefc6d6
Kentucky,f0bd52ea0e457aa75e824415772ea05a645d3d11a0838f52f143ac824f2489d974ed8c886df1d4453cf4a01fe1c62e5484c717881a58a4026f484456a947d1f3
Louisiana,ca20442f595204ba316b364b072ec0977f5d30dc364af24a9a344ca8d7447e15aae778436172151bc06b1dd05b27d42e63a4b11d411fbec770c53700e3ecbc9e
Maine,1bfea162c141624011c55077b17bf30836829417da61dbc0a09d9e35fa87dbe7bd837aa764a2fe3ba3ba9e94a07578df98939f871a687c3f98010a798868cb8e
Maryland,67e143b3a22add7e7afc5b2c6e1c1b50683f7a2d5ecafee639fefb3894459406160bb32445f16bc5b631e6c4003da392f3f92b1737b2feb3fd55e63d48fcb97a
Massachusetts,22df05d38ce9dff50a29738a8c869775966aebe8b14daf758b131a2356a3cc26e5ce6406bbb07a44e0a23274bc034d270d78fdbcc2dadcda250efec4e68b2869
Michigan,4ab297b5c61a3edb9fd70dc98c6d70d2748ac88395217f9e317feac42fb8e95d0678bd8e8e79cd436e3ece766e64c76efda47f79c4164e84bee3b93461b3a9f3
Minnesota,31c75046a98c3c403484ffa53d4c453a0293235ac226ed65c0caf35310c2094b4391c12470d76eaa037a5ddc1979fec387c011b473a06e3186a4794f6e358b5e
Mississippi,ea80eae70a8daad34c8a2ec62f466a4b9e07583c3853c6db0a3a355138e0625f867f1ce2dcf1f748c38d006116d8907b1d321759222171c409a2f445ba3c6787
Missouri,25a588f78f53b717bb2b52f64fc2d703e018fc656f731ce11ae1ec7eee6e62ba12121255deeda922de77612cf84f56612bb61ae2a65619a474e776399242d3a1
Montana,a9246910dd5f89407320251041ff9753a4adff4f7606a3adc4b2adf74685b00beb1865b85a55a0adc5ce84299c6fb4fdd814f09c4bf89c69bf770b9596466bac
Nebraska,aaa5690c5bac5c4abf058c49d45c6f77af0f416f2bb9f23b0a6ca249d79f7b133501b096abe87147bcc6923f4f5724c6ef375480d102785c84c339af785c7b0e
Nevada,34c1d4656c723b36845f8f3f25c129cd6e16a2e427a33c4a33617b3cc8d62b92e121cf61b6d6c339bd84492d8261249f9d20294de35c091bf1d21500cb9d7e41
New Hampshire,471360bf0c40d3803efa1df905f0d2cc8bc99acafe4067a0a8235be666f760adf9111868000eddc8e24b234bc549264d4dc9657eea998fdb41081bcca63003fb
New Jersey,13401207bea6495545079537b9e0db6f632759456dd0f403385fef9cbdf93bace526dfb48e97ada01bc4b88f905b9ef42bfdbe3616fe5e8e8c9826125c0cd491
New Mexico,b6fead2bd8914fdce6749f74c47ec92c69cbf71db1853aee3513600617f454cba8ae0508b8d41a65810297424066788ed8b0a0f88203dea4e21d555629c288a9
New York,8a18d69de6ecd1c956f14a97e25b56c14fcca80e41d5d585fc085cc78c0fb0cb84b3048f0f8156f694a8f96ed682826271061bc2501bc043268ec5d8184b1ae1
North Carolina,60a3f7f8b1e32981b8d5231d9e6c3bb16f35fd8b81812bc2bf9d6db7f48909f29e78f6283f5cf80a80b95e993a2a8b49ab906791e8e18c3cd3ad31d8a13e56f7
North Dakota,6c145e49a396fdc5f8af4e6c9d7734ffc4bc8bdf375208b2b32cecf4c5b0e06ff19ba306cae8a467b3a5c7dcef01b611aba8ff86e809901d2bef826c5210d862
Ohio,601644ab529292857dd1721421a0d25a41cab369c2dafbd587388229fa528c07280b914fc8b6be0ad76783cbcb6877f3de53c13bfe761229d2b1196d1c3a8994
Oklahoma,648d42921eb1829aec76142f06fe9f3a3ef1d92b9ccadf559c31de91b9f3aef3d3112300b6749a76fe6a048bac8c72e246f70da3362b9691c961976d38f2eb60
Oregon,22971a80794c04b43c026b69615805e47c06171c23e083d41dc85d336286118ebbbac6c3db0f1ba24966a4284c045000951ed4986dcb871ee88c8de05eaf15ce
Pennsylvania,92487cf64057f0b825f6c17692f4a1b7d2c7ae37dbb4f36d915cd11cc11e3f290c3e6d034f2aff303926e1ed9caa0b11823a5244c43ae5b3d6d6cbc8c7c22444
Rhode Island,21f8ea1a6c85192f227b3d907cc6eab797af4273f6d38f6a11950db923f698a2dbd7b40d1213f66efd7e98f163ca9ed03e5a41596dfa7e6fc64a79193fe36160
South Carolina,378b6d443c4bc1073f0e89d09de3629f191b4d31eb0587df94a29bf8d534daaf1b08a65998529abe86dea4a67e43ad5e0bde375d9e9e0215ea8b40732cc76c5a
South Dakota,6508dd9cd9544dc18b01dec89995290f92d7850678b7073edd5a46961088ce4d61d91fc933a10ce1355b9ddb6bb8adf7d0fe7452c96ce815c008f6a5475346cf
Tennessee,5d36b14c4748b4a2f4d3d09178041cd592227fdbc1d31cf840b268204837768a303c15609937f5ddb498aa77da0ff65569687633739507a3af86601dee57f25b
Texas,fbfc792c8a6814f0834b032ec68972281116f5e9cfb3fd4010266dd2c0eea88a22e44d4e14d37e4487ecb988c462d8e059eb026ca5382fa0f2d5d74cfd471173
Utah,674aa3ad795f9c4ca7eb2dda743dac9144f647f7758bd28d80e6c577ba16c662580f2b3ca9e44d2611fc3329406973f95457a15ee84c5cedf060eb436e38f535
Vermont,9c5b3f6c8e08bd39ebbc074a559b2ccf308fa1d44570a59d02094e9c95d8833a966afe7256bf7ad5519dff034bd6b7720ecdc266d79071cad732bf33f64fb65a
Virginia,a1793be03fdf69be3200978f87cda18647c98433fce14d00e5dc521e492c247ca50025393f55839c53b1502d882474bf6d1aee5735b94173936575dd78404eb6
Washington,7767f79995ab0908d9b20c3b867c0baa6e463161ebf12ad7dd1cea3ef75c72876e6a0522fc3b6f168a2945f95fb8738891937df4425461e276f5e5b345a240fd
West Virginia,b61b3bd814eb7dd53bc3170647c7dec637bed0841503e980a0d9f991a082c6548d865682de5c1c8d93f7beb8435066a419469734c0a0674486f561bf0ae282c8
Wisconsin,6688e68774bbf4b3f65f1494bb7163bcf73ae49d220de845bfb6a867771e82033b69478c088411b4fa6196784e844f2c7941650a415093d063e9deede550a225
Wyoming,e11af8f050b2dd766715c47ca261e9437343b74d76948700b435e8267baec4b21747d5b3e4282aa0b73187063426649cae1f8576bc547c4dd16267f84373ad1d
